Restaurant Equipment,,,,
 ,Cooking Equipment,,,
 , ,Commercial Ranges,,
 , , ,Commercial Gas Ranges,
 , , ,Commercial Electric Ranges,
 , , ,Commercial Range Parts and Accessories,
 , , ,Commercial Countertop Ranges,
 , , ,"Portable, Buffet, and Drop-In Ranges",
 , , ,"Stock Pot, Wok, and Mongolian BBQ Ranges",
 , ,Commercial Fryers and Oil Filtration,,
 , , ,Commercial Gas Fryers,
 , , ,Commercial Electric Fryers,
 , , ,Fryer Oil Filtration Equipment and Supplies,
 , , , ,Fryer Oil Filtration Machines
 , , , ,Fryer Oil Transporters
 , , , ,Fryer Oil Filtration Accessories
 , , , ,Fryer Oil Stabilizer and Fryer Filter Powder
 , , , ,Oil Filter Paper
 , ,Commercial Grills,,
 , , ,Griddles / Flat Top Grills,
 , , , ,Electric Flat Top Grills and Griddles
 , , , ,Gas Flat Top Grills and Griddles
 , , , ,Teppanyaki Griddles
 , , , ,Drop-in Griddles
 , , ,Charbroilers,
 , , ,Panini Grills,
 , , ,Tortilla Grills and Presses,
 , , ,Outdoor Commercial Grills,
 , ,Commercial Steam Cooking Equipment,,
 , , ,Combination Ovens,
 , , ,Steam Kettles,
 , , ,Commercial Steamers,
 , ,Commercial Outdoor Cooking Equipment,,
 , , ,Outdoor Gas Stoves and Burners,
 , , ,Outdoor Steamers and Outdoor Fryers,
 , , ,Outdoor Smokehouses,
 , , ,Wood and Charcoal,
 , , ,Outdoor Boilers,
 , , ,Turkey Fryers,
 , , ,Charcoal Chimney Starters,
 , ,Commercial Exhaust Hoods,,
 , , ,Commercial Kitchen Hoods,
 , , ,Condensate Hoods,
 , , ,Exhaust Hood Filters and Accessories,
 , , ,Kitchen Hood Exhaust Fans & Intake Fans,
 , , ,Restaurant Hood Systems,
 , , ,Ventilation & Range Hood Parts,
 , , ,Ventless Hood Systems,
 , ,Cooking Equipment Parts and Accessories,,
 , , ,"Broiler, Salamander, and Cheesemelter Parts and Accessories",
 , , ,Charbroiler Parts and Accessories,
 , , ,Commercial Oven Parts and Accessories,
 , , ,Commercial Toaster Parts and Accessories,
 , , ,Smoker Parts and Accessories,
 , , ,Crepe Maker Accessories,
 , , ,Crepe Maker Parts,
 , , ,Gas Connectors and Gas Hoses,
 , , ,Fryer Parts and Accessories,
 , , ,Gas Fittings and Components,
 , , ,Griddle Parts and Accessories,
 , , ,Gyro Machine Parts and Accessories,
 , , ,Outdoor Fryer Parts and Accessories,
 , , ,Outdoor Grill Parts and Accessories,
 , , ,Rethermalizer and Pasta Equipment Parts and Accessories,
 , , ,Sandwich and Panini Grill Parts and Accessories,
 , , ,Sous Vide Immersion Circulator Parts and Accessories,
 , , ,Steam Equipment Parts and Accessories,
 , , ,Waffle Maker and Waffle Cone Maker Parts and Accessories,
 , , ,Water Appliance Connectors,
 , , ,Water Filtration Systems & Cartridges,
 , , ,Water Filtration Systems and Cartridges for Steam Equipment,
 , , ,Equipment Cleaning Tools & Supplies,
 , , ,Tilt Skillet Parts and Accessories,
 , ,Commercial Specialty Cooking Equipment,,
 , ,Commercial Toasters and Breakfast Equipment,,
 , ,Commercial Broilers,,
 ,Refrigeration Equipment,,,
 , ,Reach-In Refrigeration,,
 , , ,Reach-In Refrigerators,
 , , ,Reach-In Freezers,
 , , ,Combination Reach-In Refrigerators and Freezers,
 , , ,Spec Line Reach-In Refrigerators and Freezers,
 , ,Merchandising Refrigeration,,
 , , ,Merchandising Reach-In Refrigerators,
 , , ,Merchandising Reach-In Freezers,
 , , ,Countertop Merchandising Refrigerators and Freezers,
 , , ,Air Curtain Merchandisers,
 , , ,Combination Refrigerator Freezer Merchandisers,
 , , ,Commercial Wine Coolers,
 , , ,Ice Merchandisers,
 , , ,Merchandising Display Cases,
 , ,Prep Refrigeration,,
 , , ,Sandwich and Salad Preparation Refrigerators,
 , , ,Pizza Preparation Refrigerators ,
 , ,Bar Refrigeration,,
 , , ,Beer Dispensers,
 , , ,Bottle Coolers,
 , , ,Glass Chillers and Frosters,
 , , ,Back Bar Coolers,
 , , ,Cocktail Dispensers,
 , , ,Parts and Accessories for Bar Refrigeration,
 , , , ,Beer and Wine Line Cleaning Chemicals
 , , , ,"Beer Tap Brushes, Plugs, and Cleaning Accessories"
 , , , ,"Couplers, Distributors, and Regulators"
 , , , ,Draft Beer Drip Trays and Accessories
 , , , ,"Tap Towers, Faucets, and Faucet Handles"
 , ,Refrigerated Display Cases,,
 , , ,Dry and Refrigerated Bakery Cases,
 , , ,Refrigerated Deli Cases,
 , , ,Refrigerated Sushi Cases,
 , ,Ice Machines,,
 , , ,Air Cooled Ice Machines,
 , , ,Undercounter Ice Machines,
 , , ,Water Cooled Ice Machines,
 , , ,Combination Ice and Water Dispensers / Machines,
 , , ,Remote Condenser Ice Machines,
 , ,Commercial Ice Cream Freezers,,
 , , ,Soft Serve Machines,
 , , ,Ice Cream and Gelato Dipping Cabinets,
 , , ,Ice Cream Display and Storage Freezers,
 , , ,Drop-In Freezers and Frost Tops / Cold Slabs,
 , , ,Ice Cream Freezer / Topping Rail Parts and Accessories,
 , ,Walk-in Refrigeration,,
 , , ,Walk-In Coolers / Refrigerators,
 , , ,Walk-In Freezers,
 , , ,Walk-In Cooler Box Only,
 , , ,Walk-in Refrigeration Parts and Accessories,
 , , ,Walk-In Cooler Refrigeration Units,
 , , ,Walk-In Freezer Refrigeration Units,
 , , ,Walk-In Cooler Doors,
 , , ,Walk-In Freezer Doors,
 , ,School Milk Coolers,,
 , ,Commercial Blast Chillers,,
 , ,Refrigerated Beverage Dispensers,,
 , ,Granita / Slushy Machines,,
 , ,Soda Fountain Machines,,
 , ,Parts and Accessories,,
 , , ,Refrigeration Shelving,
 , , ,Refrigeration System Parts,
 , , ,Refrigeration Cabinet Parts,
 , , ,"Door, Drawer, and Lid Parts for Refrigeration Equipment",
 , , ,"Casters, Legs, and Stands for Refrigeration Equipment",
 , , ,Commercial Refrigeration Cold Controls and Thermostats,
 , , ,Ice Machine Parts,
 , , ,Merchandising and Display Refrigeration Parts,
 , , ,"Prep, Undercounter, and Worktop Refrigeration Parts",
 , , ,Walk-In Refrigeration Parts,
 ,Commercial Ovens,,,
 , ,Commercial Microwave Ovens,,
 , ,Commercial Pizza Ovens,,
 , , ,Pizza Deck Ovens,
 , , ,Countertop Pizza Ovens,
 , , ,Conveyor Ovens and Impinger Ovens,
 , , ,Commercial Outdoor Pizza Ovens,
 , ,Cook and Hold / Thermalizer Ovens,,
 , ,Indoor Roaster and Smoker Ovens,,
 , ,Convection Ovens,,
 , ,Bakery Ovens,,
 ,Food Holding and Warming Equipment,,,
 , ,Holding and Proofing Cabinets,,
 , , ,Holding / Proofing Cabinets,
 , , ,Holding Cabinets,
 , , ,Proofing Cabinets,
 , , ,Refrigerated Holding Cabinets,
 , , ,Holding Cabinet and Proofing Cabinet Parts and Accessories,
 , ,Heat Lamps & Strip Warmers,,
 , ,Dish Dispensers,,
 , ,Tray Dispensers,,
 , ,Steam Tables and Food Wells,,
 , ,Countertop Warmers and Display Cases,,
 , ,Parts and Accessories for Food Warming Equipment,,
 ,Food Preparation,,,
 , ,Meat Slicers,,
 , ,Commercial Mixers,,
 , ,Commercial Food Processors,,
 , ,Commercial Scales,,
 , , ,Baker's Dough Scales,
 , , ,Hanging Scales,
 , , ,Legal for Trade Scales,
 , , ,Pizza Scales,
 , , ,Portion Scales,
 , , ,Receiving Scales,
 , , ,Scale Parts and Accessories,
 , , ,Medical Scales,
 , , ,Scale Labels,
 , ,Commercial French Fry Cutters,,
 , ,Food Preparation Equipment Parts,,
 , , ,Blender Parts and Accessories,
 , , ,Bread Slicer Parts and Accessories,
 , , ,Can Opener Parts,
 , , ,Commercial Food Processor Parts and Accessories,
 , , ,Commercial Peeler Parts and Accessories,
 , , ,Condiment Dispenser Pump Parts,
 , , ,Food Mill Parts and Accessories,
 , , ,French Fry Cutter Replacement Parts and Accessories,
 , , ,Frozen Food Dispenser Parts and Accessories,
 , , ,"Fruit / Vegetable Slicer, Cutter, and Dicer Parts and Accessories",
 , , ,Hot Water Dispenser Parts and Accessories,
 , , ,Juicer Parts and Accessories,
 , , ,Meat and Cheese Prep Equipment Parts and Accessories,
 , , ,Mixer Parts and Accessories,
 , , ,Parts and Accessories for Mandolines,
 , , ,Pasta and Dough Prep Parts and Accessories,
 , , ,Spice Grinder Parts and Accessories,
 , , ,Vacuum Packaging Machine Parts and Accessories,
 , , ,Vacuum Packaging Machine Bags,
 , , ,Food Dosing Machine Parts and Accessories,
 , , ,Candy Slicer Parts and Accessories,
 , , ,Salad Dryer / Spinner Parts and Accessories,
 , ,Commercial Blenders,,
 , ,Food Packaging Appliances,,
 , ,"Fruit, Vegetable, and Salad Preparation",,
 , ,Meat and Seafood Preparation,,
 , ,Dough Sheeters and Dough Presses / Dockers,,
 , ,Pasta Machines and Cookers,,
 , ,Commercial Can Openers and Can Crushers,,
 , ,Bread Slicers and Bagel Cutters,,
 , ,Garnishing Equipment,,
 , ,Cheese Cutters and Candy Slicers,,
 , ,Water Dispensing Equipment,,
 , ,Grinders and Graters,,
 ,Commercial Sinks,,,
 , ,"
Underbar Sinks
",,
 , ,"
Hand Sinks
",,
 , ,"
Sink Bowls
",,
 , ,Janitorial Sinks,,
 , ,Dipper Wells,,
 , ,Sink Parts and Accessories,,
 ,Commercial Work Tables,,,
 , ,Stainless Steel Work Tables with Undershelf,,
 , ,Open Base Work Tables,,
 , ,Equipment Stands and Mixer Tables,,
 , ,Dishtables,,
 , ,Wood Top Work Tables,,
 , ,Poly Top Work Tables,,
 , ,Work Table and Equipment Stand Accessories,,
 , , ,Adjustable Work Table Undershelves,
 , , ,Table Mounted Overshelves,
 , , ,Work Table / Equipment Stand Drawers and Accessories,
 , , ,Work Table / Equipment Stand Casters and Legs,
 ,Beverage Equipment,,,
 , ,Coffee / Cappuccino / Espresso Equipment and Accessories,,
 , , ,Automatic Commercial Coffee Machines,
 , , ,"Airpot, Satellite, and Single Serve Machines",
 , , ,Commercial Espresso Machines,
 , , ,Commercial Pourover Coffee Makers,
 , , ,Coffee Urns,
 , , ,Airpot Coffee Brewers,
 , , ,Single Cup Coffee Makers,
 , , ,Coffee Airpots & Accessories,
 , , ,High Volume Coffee Machine Urns,
 , , ,Cappuccino / Hot Chocolate Dispensers,
 , , ,Liquid Coffee Dispensers,
 , , ,Iced Coffee Machines & Dispensers,
 , ,Specialty Beverage Equipment,,
 , ,Underbar Equipment and Accessories,,
 , , ,"
Underbar Ice Bins
",
 , , ,"
Speed Rails and Speed Racks
",
 , , ,Underbar Organization,
 , ,Beverage Equipment Parts and Accessories,,
 , , ,Coffee Machine Parts and Accessories,
 , , ,Commercial Blender Parts and Accessories,
 , , ,Iced Tea Brewer and Iced Tea Dispenser Parts & Accessories,
 , , ,Insulated Beverage Dispenser Parts and Accessories,
 , , ,Milkshake Machine Parts and Accessories,
 , , ,Portable Bar Parts and Accessories,
 , , ,Refrigerated Beverage Dispenser Parts and Accessories,
 , , ,Slushy / Granita Machine Parts and Accessories,
 , , ,Uninsulated Beverage Dispenser Parts and Accessories,
 , , ,Water Dispenser and Ice Chest Parts and Accessories,
 , , ,Water Filter Kits and Cartridges for Cold Beverage Equipment,
 , ,Portable Beer Dispensers and Keg Accessories,,
 , ,Cold and Frozen Beverage Dispensers,,
 , ,Hot Beverage Dispensers,,
 , ,"Blenders, Juicers, and Milkshake Machines",,
 ,Commercial Ice Machines,,,
 , ,Ice Bins and Dispensers,,
 , , ,Ice Bins,
 , , ,Mobile Ice Bins,
 , , ,Ice Dispensers,
 , , ,Ice Bin Parts and Accessories,
 , ,Ice Merchandisers,,
 , ,Ice Bagging and Transport Supplies,,
 , , ,Ice Baggers and Ice Bagging Accessories,
 , , ,"Ice Scoops, Shovels, Rakes and Paddles",
 , , ,Ice Transport Buckets and Accessories,
 , , ,Refrigerated Ice Transports,
 , , ,Ice Bags,
 , ,Ice Machine Parts and Accessories,,
 ,Restaurant Shelving,,,
 , ,Regency Shelving,,
 , ,Regency Shelving Kits,,
 , ,Wall Mount Shelving,,
 , ,Dunnage Shelves,,
 , ,Metro Shelving,,
 , , ,Metro Super Erecta Wire Shelving,
 , , ,MetroMax Shelving,
 , , ,Metro SmartWall Shelving,
 , , ,Metro Track Shelving,
 , , ,Metro SmartLever Shelving,
 , , ,Metro Shelving Parts and Accessories,
 , ,Wire Security Shelving,,
 , ,Cambro Shelving,,
 , ,Wine Racks,,
 , ,Mobile Shelving,,
 , ,Channel Shelving,,
 , ,Shelving Casters and Shelving Accessories,,
 ,Storage / Transport,,,
 , ,Food Storage Supplies,,
 , , ,Food Storage Containers and Lids,
 , , ,Stainless Steel Food Pans and Accessories,
 , , , ,Steam Table Pans and Hotel Pans
 , , , ,Steam Table Pan Covers
 , , , ,Deli Pans and Accessories
 , , , ,Steam Table Spillage / Water Pans
 , , , ,Decorative Steam Table Food Pans
 , , , ,Steam Table Pan Accessories
 , , ,Lug / Tote Boxes,
 , , ,Specialty Food Pans and Accessories,
 , , ,Bulk Food Storage Containers & Ingredient Bins,
 , , ,Pizza and Baking Containers,
 , , ,"Food Dispensers, Jars and Clips",
 , ,Carts,,
 , , ,Serving Carts,
 , , ,Dish Carts and Glass Rack Dollies,
 , , ,"Janitorial, Maintenance, and Industrial Carts",
 , , ,Education and Office Carts,
 , , ,Retail and Hospitality Carts,
 , ,Storage Racks,,
 , , ,Dunnage Racks,
 , , ,Warewashing Racks,
 , , ,Food Transport Racks,
 , , ,Pot Racks & Glass Hanger Racks,
 , , ,Merchandising and Display Racks,
 , , ,Back of House Storage Racks,
 , ,Dinnerware Storage and Transport,,
 , , ,"Bus Tubs, Bus Boxes, and Flatware Bins",
 , , ,"Glass Racks, Cup Racks, and Extenders",
 , , ,Dish and Flatware Racks,
 , , ,Glass Rack Covers and Accessories,
 , ,Food Delivery Bags,,
 , ,Food Carriers and Beverage Dispensers,,
 , , ,Food Pan Carriers,
 , , ,Insulated Beverage Dispensers,
 , , ,Insulated Shipping Boxes and Coolers,
 , , ,Hot / Cold Packs,
 , , ,Insulated Food Pan Carrier Parts and Accessories,
 , , ,Beverage Dispenser Hand Washing Stations,
 , , ,Insulated Pan Carrier Dollies,
 , , ,Insulated Soup Carriers,
 , , ,Outdoor Coolers,
 , ,Janitorial Carts and Transport Equipment,,
 , , ,Hotel Housekeeping Carts,
 , , ,Janitorial / Cleaning Carts and Caddies,
 , , ,"Jugs, Buckets, and Pails",
 , , ,Laundry Carts,
 , , ,Self Dumping Hoppers,
 , , ,Industrial Trash Cans,
 , , ,Cart Replacement Parts and Accessories,
 , ,Industrial Storage and Transport,,
 , , ,Gift Wrap and Ribbon Supplies,
 , , ,Lockers,
 , , ,Material Handling Equipment,
 , , ,Medical Cabinets,
 , , ,Packing Paper,
 , , ,Packing Tables,
 , , ,Paper Food Wrap Cutters & Holders,
 , , ,Receiving Desks,
 , , ,"Shrink Wrap, Tape, Twine, and Dispensers",
 , ,Ice Transport,,
 , , ,Mobile Ice Bin Parts and Accessories,
 ,Plumbing & Faucets,,,
 , ,Faucet Parts and Accessories,,
 , ,Commercial Kitchen Faucets,,
 , ,Janitorial Faucets and Cleanup Stations,,
 , ,Restroom Faucets,,
 , ,Drinking Water Faucets,,
 , ,Laboratory and Medical Faucets,,
 , ,Troughs & Drains,,
 , ,Water Heaters and Filtration Systems,,
 , ,Sink & Drain Parts and Accessories,,
 ,Food Display and Merchandising,,,
 , ,Countertop Display Warmers,,
 , ,Concession Merchandising Equipment,,
 , ,Refrigerated / Grab and Go Merchandisers,,
 , ,Bakery and Deli Cases,,
 , ,Merchandising Equipment,,
 , ,Carving Stations and Countertop Bulb Warmer Heat Lamps,,
 , ,Condiment / Napkin Dispensers and Condiment Pumps,,
 , ,"Portable Food Displays, Vending Carts, and Equipment",,
 , ,Food Display & Merchandising Parts and Accessories,,
 ,Dish Washing Equipment,,,
 , ,Commercial Dishwashers,,
 , , ,Single and Double Rack Dishwashers,
 , , ,Under Counter Dishwashers,
 , , ,Conveyor Dishwashers,
 , ,Dishtables and Dish Cabinets,,
 , ,Waste Disposal Equipment,,
 , ,Dishwashing Parts and Accessories,,
 ,Equipment Parts,,,
 , ,Electrical Supplies,,
 , , ,"Bulb Guards, Vapor Proof Lights and Accessories",
 , , ,Circuit Breakers,
 , , ,Commercial Light Bulbs,
 , , ,Connectors,
 , , ,Contactors,
 , , ,Relays,
 , , ,Cord and Plug Sets,
 , , ,Electrical Tape,
 , , ,Electrical Terminals,
 , , ,Electrical Wire,
 , , ,Fuses and Fuse Holders,
 , , ,Plugs and Receptacles,
 , , ,Signal Lights,
 , , ,Switches,
 , , ,Terminal Blocks,
 , , ,Timers,
 , , ,Transformers,
 , ,Hardware,,
 , , ,Cable Ties,
 , , ,Grease Filters,
 , , ,Industrial Lubricants and Grease,
 , , ,Wall Anchors and Hanging Wire,
 , , ,Bearings and Bushings,
 , , ,Bolts,
 , , ,Casters,
 , , ,Conversion Inserts,
 , , ,Door Stops,
 , , ,Gaskets and Sweeper Strips,
 , , ,Hinges and Hinge Hardware,
 , , ,Hose Clamps,
 , , ,Industrial Twine,
 , , ,Leak Detectors,
 , , ,Leg Kits,
 , , ,"Lock, Latch, and Handle Hardware",
 , , ,Match Holders,
 , , ,Metal Tubing,
 , , ,Non-Inverted Mirrors,
 , , ,Nuts,
 , , ,O-Rings,
 , , ,Pail Openers,
 , , ,Part Trays and Hardware Kits,
 , , ,Screws,
 , , ,"Slide, Track, and Roller Hardware",
 , , ,"Stretch Wrap, Stretch Film, and Pallet Wrap",
 , , ,Tape & Tape Dispensers,
 , , ,"Washers, Spacers, and Grommets",
 , ,Dishwashing Equipment Parts,,
 , , ,Booster Heater Parts and Accessories,
 , , ,Dishwasher Parts and Accessories,
 , , ,Glass Washer Parts and Accessories,
 , , ,Sanitizing Sink Heater Parts and Accessories,
 , ,"Gas Connectors, Components, and Valves",,
 , , ,Brass Compression Fittings,
 , , ,Burner Orifices,
 , , ,"Gas Elbows, Couplings, and Nipples",
 , , ,Gas Solenoid Valves,
 , , ,Gas Valves,
 , , ,Ignition Controls,
 , , ,Jet Burners,
 , , ,Pilot Assemblies and Components,
 , , ,Pressure Regulators,
 , , ,Residential Uncoated Stainless Steel Gas Hoses,
 , , ,Safeties and Accessories,
 , ,Seasonal / Concession Equipment Parts,,
 , , ,Cotton Candy Machine Parts and Accessories,
 , , ,Hot Dog Equipment Parts and Accessories,
 , , ,Hot Dog Roller Grill Sneeze Guards,
 , , ,Ice Bin Merchandiser / Cooler Parts and Accessories,
 , , ,Popcorn Machine Equipment Parts and Accessories,
 , , ,Snow Cone Machine Parts and Accessories,
 , ,Holding and Warming Equipment Parts,,
 , , ,Food Warmer Parts and Accessories,
 , , ,Heated Banquet Cabinet Parts and Accessories,
 , , ,Heated Display Case Parts and Accessories,
 , , ,Hot Water and Steam Components,
 , , ,Steam Table Parts and Accessories,
 , ,Filtration ,,
 , , ,Water Filtration Systems,
 , , ,Water Filtration Cartridges,
 , ,Industrial Chemicals,,
 , , ,Floor Care Chemicals,
 , , ,Food Service Chemicals,
 , , ,Housekeeping Chemicals,
 , , ,HVAC & Refrigeration Chemicals,
 , , ,Sanitizing Chemicals,
 , ,Hot Side,,
 , , ,Hot Side Controls and Thermostats,
 , , ,Motors and Accessories,
 , ,Ice Machine Parts,,
 , ,Charbroiler and Griddle Parts,,
Commercial Refrigeration,,,,
Smallwares,,,,
 ,Cookware,,,
 , ,Fry Pans and Sauce Pans,,
 , , ,Braziers / Braising Pots,
 , , ,Frying Pans,
 , , ,Sauce Pans,
 , , ,Saute Pans,
 , , ,Saucier Pans,
 , , ,"Asian Woks, Wok Covers, and Wok Rings",
 , , ,Stir Fry Pans,
 , ,Cast Iron Cookware,,
 , ,Induction Ready Cookware,,
 , ,Specialty Cookware,,
 , , ,Cast Aluminum Cookware,
 , , ,Cookware Sets,
 , , ,Copper Cookware,
 , , ,Crepe Pans,
 , , ,Display Cookware,
 , , ,Paella Pans,
 , , ,Steamer Sets,
 , , ,Egg Poachers,
 , , ,GET Heiss Enamel Coated Cast Aluminum Cookware,
 , , ,Stove Top Griddles and Grill Pans,
 , ,Bakeware,,
 , , ,Bun / Sheet Pans,
 , , ,Cake Pans,
 , , ,Commercial Roasting Pans,
 , , ,Bread and Loaf Pans,
 , , ,Muffin and Cupcake Pans,
 , , ,Baking Molds,
 , ,Vollrath Cookware,,
 , , ,Vollrath Wear-Ever Cookware,
 , , ,Vollrath Arkadia Cookware,
 , , ,Vollrath Optio Cookware,
 , , ,Vollrath Miramar Cookware,
 , , ,Vollrath Centurion Cookware,
 , , ,Vollrath Tri Ply Cookware,
 , , ,Vollrath Intrigue Cookware,
 , , ,Vollrath Tribute Cookware,
 , ,Cookware Covers and Accessories,,
 , , ,Pot / Pan Covers and Lids,
 , , ,Flame Tamers and Splatter Screens,
 , , ,Steamer Racks,
 , , ,Pot and Pan Handle Covers,
 , ,Sauce Pots and Stock Pots,,
 , ,Vigor Cookware,,
 , ,Cookware by Material,,
 ,Kitchen Hand Tools,,,
 , ,Kitchen Utensils,,
 , , ,Ladles,
 , , ,Asian Cooking Utensils,
 , , ,Tongs,
 , , ,Turners,
 , , ,Food Dishers,
 , , ,High Heat / High Temperature Utensils,
 , , ,Kitchen Spoons,
 , , ,Paddles,
 , , ,Whisks and Cooking Whips,
 , , ,Ice Cream Scoops and Dippers,
 , , ,Pizza Servers,
 , , ,Portion Spoons,
 , , ,Spatulas,
 , ,Food Preparation Tools,,
 , , ,Commercial Meat Tenderizers and Marinators,
 , , ,Food Mills,
 , , ,Food Prep Brushes,
 , , ,Funnel Cake Accessories,
 , , ,Butter Spreaders,
 , , ,"Steak Weights, Bacon Presses, and Grill Presses",
 , , ,Garlic Presses,
 , , ,Graters,
 , , ,Hand Juicers & Citrus Squeezers,
 , , ,Mortar and Pestles,
 , , ,Seafood Tools,
 , , ,Egg Rings,
 , , ,Egg Separators,
 , , ,Commercial Meat Tenderizer Parts and Accessories,
 , , ,Basters and Injectors,
 , , ,BBQ Accessories,
 , , ,Corn Tools,
 , , ,Fat Separators,
 , , ,Mezzalunas / Chopping Knives,
 , , ,Manual Tortilla Presses,
 , ,Serving Utensils,,
 , ,Measuring Cups and Spoons,,
 , ,Thermometers,,
 , , ,Infrared Thermometers,
 , , ,Probe Thermometers & Pocket Thermometers,
 , , ,Deep Fry / Candy Thermometers,
 , , ,Thermocouple Thermometers and Probes,
 , ,"Slicers, Peelers, and Mashers",,
 , ,Baskets and Skimmers,,
 , ,Garnishing and Presentation Tools,,
 , ,Food Transfer Supplies,,
 , ,Skewers,,
 ,Kitchen Cutlery,,,
 , ,Knife Sets,,
 , ,Kitchen Shears and Scissors,,
 , ,Knife Sharpening Tools,,
 , ,Garnishing Tools and Kits,,
 , ,Asian Cutlery,,
 , ,Kitchen Knives,,
 , ,Slicing and Carving Knives / Utensils,,
 , ,"Fruit, Vegetable, and Herb Knives / Peelers",,
 , ,Knife Storage Supplies,,
 , ,Knife Safety Supplies,,
 ,Beverage Service,,,
 , ,Beverage Dispensers,,
 , , ,Uninsulated Dispensers,
 , , ,Glass Beverage Dispensers,
 , , ,Water Coolers,
 , ,Coffee Service Supplies,,
 , , ,Coffee Dispensers,
 , , ,Coffee Accessories,
 , , ,"Displays, Stands, and Organizers",
 , ,Cup Dispensers and Lid Organizers,,
 ,Bartending Supplies,,,
 , ,Bottle Service Supplies,,
 , , ,"Beverage Tubs, Beer Buckets, and Beverage Pails",
 , , ,Wine Buckets and Wine Coolers,
 , , ,Wine Service Parts and Accessories,
 , , ,Corkscrews and Bottle Openers,
 , , ,Ice Displays and Beverage Housings,
 , , ,Wine Tasting Spittoons,
 , ,Game Room Equipment,,
 , ,Cocktail Making Tools,,
 , ,Bar Ingredient Prep Supplies,,
 , ,Bar Organization and Sanitation Supplies,,
 , ,Alcohol Displays & Dispensers,,
 , ,Ice Supplies,,
 ,Chafing Dishes,,,
 , ,Chafing Dishes,,
 , ,Drop-In Chafers,,
 , ,Coffee Chafer Urns,,
 , ,Chafer Accessories,,
 , ,Chafer Griddles and Stands,,
 , ,Chafing Dish Fuel,,
 ,Kitchen Supplies,,,
 , ,Cutting Boards,,
 , ,Food Safety Items,,
 , , ,Cashier Shields,
 , , ,Cooling Paddles,
 , , ,First Aid Kits,
 , , ,First Aid Supplies,
 , , ,Food Labeling Stickers,
 , , ,Kitchen Gloves,
 , , ,Probe Wipes,
 , , ,Sanitizing Pails,
 , , ,Sneeze Guards,
 , ,Restaurant Food Serving Baskets,,
 , ,Coffee Decanters,,
 , ,Bain Marie Pots and Vegetable Insets,,
 , ,Food Preparation Supplies,,
 , ,Kitchen Essentials,,
 , ,Food Wrap Cutters and Holders,,
 , ,Condiment Dispensers and Fillers,,
 , ,Ethnic Cooking / Serving Supplies,,
 , ,Kitchen Cleaning and Maintenance Supplies,,
 , ,Countertop Kitchen Appliances,,
 ,Baking Supplies,,,
 , ,Decorating Tools,,
 , , ,"Piping Tips, Pastry Bags, and Accessories",
 , , ,Cake / Pastry Decorating Tools,
 , , ,Cake Frosting Tools,
 , , ,Tiered Cake Supplies,
 , ,Baking Hand Tools and Utensils,,
 , ,Countertop Bakery Display,,
 , ,Bread Making Supplies,,
 , ,Baking Molds,,
 ,Display Signs,,,
 , ,Tabletop Signs,,
 , , ,Menu Table Tents and Tabletop Displayettes,
 , , ,Table Card Holders and Number Stands,
 , , ,Table Numbers,
 , , ,Tabletop Tents and Cards,
 , ,Menu Signs,,
 , ,Advertising Signs and Boards,,
 , ,Informational and Compliance Signs,,
 , ,Multi-Purpose Boards,,
 , ,Restaurant Signage Accessories,,
 ,Serving Supplies,,,
 , ,Tray Stands,,
 , ,Server Clothing,,
 , ,Menu Holders and Check Presenters,,
 , , ,Menu Covers and Boards,
 , , ,Menu Paper,
 , , ,Menu Racks and Brochure / Business Card Holders,
 , , ,Restaurant Check Presenters and Server Books,
 , , ,Restaurant Reservation Books,
 , ,Trays,,
 , , ,Compartment Trays,
 , , ,Fast Food Trays and Cafeteria Trays,
 , , ,Hospital Food Trays,
 , , ,Market Trays and Bakery Display Trays,
 , , ,Non-Skid Trays,
 , , ,Room Service Trays,
 , , ,Serving and Display Platters / Trays,
 , ,"Host, Server, and Waiter Tools",,
 ,Pizza Tools & Bakeware,,,
 , ,"
Pizza Pans
",,
 , ,"
Pizza Screens and Disks
",,
 , ,Pizza Making Tools and Utensils,,
 , ,Pizza Serveware,,
 ,Linens & Apparel,,,
 , ,Restaurant Aprons,,
 , ,Pot Holders and Oven Mitts,,
 , ,"Chef, Cook, and Server Apparel",,
 , , ,Chef Coats,
 , , ,Chef Hats and Chef Headwear,
 , , ,Chef Pants,
 , , ,Cook Shirts,
 , , ,Cooling Towels,
 , , ,Logo T-Shirts,
 , , ,Shoes,
 , , ,Concession Apparel,
 , , ,Shoe Care and Accessories,
 , ,Table Linens,,
 , ,Cleaning Cloths and Towels,,
 , ,Kitchen Textiles,,
 , ,Hotel and Spa Linens,,
 ,Salad Bar Equipment and Accessories,,,
 , ,Salad Bars and Work Tables,,
 , ,Salad Bar Inserts,,
 , ,Salad Bar Utensils,,
 , ,Salad Bar Accessories,,
 , ,Sneeze Guards and Parts,,
 , ,Salad Bar Parts,,
 ,Supermarket & Retail Supplies,,,
 , ,"
Grocery Carts, Bags, and Baskets
",,
 , ,"
Multipurpose Trays and Covers
",,
 , ,Retail Displays,,
 , ,Grocery Crates,,
 , ,Deli and Produce Accessories,,
 , ,Decoration and Operational Supplies,,
 , ,Foam Meat Trays and Pads,,
 ,Meal Delivery Systems,,,
 , ,Healthcare Dishware and Beverageware,,
 , ,Healthcare Meal Equipment,,
 , ,Healthcare Trays and Servers,,
 ,In-Counter Service Supplies,,,
 ,Hotel Room Supplies,,,
 , ,Ironing and Laundry Supplies,,
 , ,Hotel and Bathroom Amenities,,
 , ,Hotel Bedding,,
 , ,Electronics & Appliances,,
 , ,Furnishings,,
 , ,Fixtures,,
 , ,Kitchenette Supplies,,
 , ,Continental Breakfast Supplies,,
 ,Color-Coded Kitchen Supplies,,,
Storage & Transport,,,,
Tabletop,,,,
 ,Dinnerware,,,
 , ,China Dinnerware,,
 , ,Porcelain Dinnerware,,
 , ,Melamine Dinnerware,,
 , ,Stoneware Dinnerware,,
 , , ,Stoneware Bowls,
 , , ,"Stoneware Cups, Mugs, and Saucers",
 , , ,Stoneware Plates,
 , , ,Stoneware Platters and Trays,
 , , ,Chef & Sommelier Geode Ceramic Dinnerware by Arc Cardinal,
 , , ,10 Strawberry Street Oxford Cream Stoneware Dinnerware,
 , , ,10 Strawberry Street Biseki Stoneware Dinnerware,
 , , ,10 Strawberry Street Oxford White Stoneware Dinnerware,
 , , ,10 Strawberry Street Wazee Matte Stoneware Dinnerware,
 , , ,10 Strawberry Street Whittier Nagoya Stoneware Dinnerware / Serveware,
 , , ,CAC Soho Colorful Stoneware Dinnerware,
 , , ,CAC Soho Wavy Edge Ivory (American White) Stoneware Dinnerware,
 , , ,10 Strawberry Street Matte Wave Stoneware Dinnerware,
 , , ,Syracuse China Terracotta Dinnerware,
 , , ,World Tableware Hakone Colorful Stoneware Dinnerware,
 , , ,World Tableware Coos Bay Stoneware Servingware,
 , , ,World Tableware Viceroy Ivory (American White) Stoneware Dinnerware,
 , , ,Acopa Bright White Coupe Stoneware Dinnerware,
 , , ,Acopa Bright White Dinnerware Accessories,
 , , ,Acopa Bright White Narrow Rim Stoneware Dinnerware,
 , , ,Acopa Bright White Wide Rim / Rolled Edge Stoneware Dinnerware,
 , , ,Acopa Embers Stoneware Dinnerware,
 , , ,Acopa Ivory Coupe Stoneware Dinnerware,
 , , ,Acopa Matte Stoneware Dinnerware,
 , , ,Acopa Nova Cream White Stoneware Dinnerware,
 , , ,CAC Rainbow China Dinnerware,
 , , ,Choice Narrow Rim Brown Speckle Stoneware Dinnerware,
 , , ,Choice Narrow Rim Ivory (American White) Stoneware Dinnerware,
 , , ,Choice Scalloped Edge Stoneware Dinnerware,
 , , ,Dudson Evo Stoneware Dinnerware by Arc Cardinal,
 , , ,International Tableware Athena Ivory (American White) Stoneware Dinnerware,
 , , ,International Tableware Campfire Stoneware Dinnerware,
 , , ,International Tableware Cancun Stoneware Dinnerware,
 , , ,International Tableware Catania Stoneware Dinnerware,
 , , ,International Tableware Danube Stoneware Dinnerware,
 , , ,International Tableware Dresden Bright White Stoneware Dinnerware,
 , , ,International Tableware Florentine Ivory (American White) Stoneware Dinnerware,
 , , ,International Tableware Granada Stoneware Dinnerware,
 , , ,International Tableware Hilo Stoneware Dinnerware,
 , , ,International Tableware Newport Ivory (American White) Stoneware Dinnerware,
 , , ,International Tableware Quad European White Stoneware Dinnerware,
 , , ,International Tableware Roma Ivory (American White) Stoneware Dinnerware,
 , , ,International Tableware Sydney Ivory (American White) Scalloped Edge Stoneware Dinnerware,
 , , ,International Tableware Torino European White Stoneware Dinnerware,
 , , ,International Tableware Valencia Ivory (American White) Narrow Rim Rolled Edge Stoneware Dinnerware,
 , , ,International Tableware Victoria Ivory (American White) Scalloped Edge Stoneware Dinnerware,
 , , ,Playground Stoneware Dinnerware,
 , , ,World Tableware Afar Colorful Stoneware Dinnerware,
 , , ,World Tableware Desert Sand Brown Speckle Ivory (American White) Stoneware Dinnerware,
 , , ,World Tableware Dulcet Colorful Stoneware Dinnerware,
 , , ,World Tableware Kingsmen White / Princess White Stoneware Dinnerware,
 , , ,World Tableware Stonewash Deep Blue Stoneware Dinnerware,
 , ,Plastic Dinnerware,,
 , , ,Acrylic Bowls,
 , , ,Reusable Plastic Bowls,
 , , ,Carlisle Plastic Dinnerware,
 , , ,Plastic Coffee Mugs and Cappuccino Cups,
 , , ,Plastic Serving and Display Platters / Trays,
 , , ,Plastic Tumblers,
 , , ,Polycarbonate Dinnerware and Mugs,
 , , ,Reusable Plastic Barware,
 , , ,SAN and ABS Plastic Dinnerware,
 , ,Wooden Dinnerware,,
 , , ,Wooden Bowls,
 , , ,Wooden Serving and Display Platters / Trays,
 , , ,Woven Wood Dinnerware,
 , , ,GET BambooServe Dinnerware,
 , , ,American Metalcraft Wooden Dinnerware and Displayware,
 , , ,Bamboo Trays,
 , , ,Elite Global Solutions Checkered Melamine Dinnerware,
 , , ,Elite Global Solutions Greenovations Bamboo Melamine Dinnerware,
 , , ,GET Reclaimed Wood Displayware,
 , , ,GET Taproot Ash Wood Displayware,
 , ,Metal Dinnerware,,
 , , ,Metal Bowls,
 , , ,Metal Serving and Display Platters / Trays,
 , , ,10 Strawberry Street Lodo Metal Dinnerware and Displayware,
 , , ,American Metalcraft Metal Dinnerware,
 , , ,Crow Canyon Home Pacifica Enamelware Dinnerware,
 , , ,Crow Canyon Home Stinson Enamelware Dinnerware,
 , , ,Crow Canyon Home Vintage Enamelware Dinnerware,
 , , ,Enamelware,
 , , ,Front of the House Harmony Brushed Stainless Steel Dinnerware,
 , , ,Front of the House Mod Stainless Steel Dinnerware,
 , , ,Front of the House Soho Brushed Stainless Steel Dinnerware,
 , , ,G.E.T. Enterprises Bugambilia Metal Dinnerware and Displayware,
 , , ,GET Galvanized Serverware,
 , , ,Metal Beverageware,
 , , ,Metal Plates,
 , , ,Pampa Bay Titanium-Plated Porcelain Dinnerware and Displayware,
 , ,Dinnerware Accessories,,
 , , ,Oven to Table Dinnerware,
 , , , ,Au Gratin Dishes / Rarebit Dishes
 , , , ,Oven Safe Ramekins and Sauce Cups
 , , , ,Fajita Skillets and Sizzler Platters
 , , , ,French Onion Soup Bowls and Soup Crocks
 , , , ,Mini Cast Iron Servingware
 , , , ,Souffle / Creme Brulee Dishes
 , , , ,Oven Safe Baking / Casserole Dishes
 , , , ,Oven Safe Fry Pan Servers
 , , , ,Trivets and Underliners
 , , ,Mexican Restaurant Tabletop Supplies,
 , , , ,"
Colorful China Dinnerware
"
 , , , ,Melamine Dinnerware
 , , , ,Beverageware
 , , , ,Serving Accessories
 , , ,Dinnerware Accessories,
 , , ,Displayware,
 , , ,Family Style Tableware,
 , , ,Table Service Accessories,
 , ,Glass Dinnerware,,
 , , ,Glass Dinnerware by Type,
 , , ,Clear Glass Dinnerware,
 , , ,Black and White Glass Dinnerware,
 , , ,Colorful Glass Dinnerware,
 , ,Bone China Dinnerware,,
 , , ,Bone China Plates,
 , , ,Bone China Bowls,
 , , ,"Bone China Cups, Mugs, and Saucers",
 , , ,Bone China Platters and Trays,
 , , ,Chef & Sommelier Infinity Bone China Dinnerware by Arc Cardinal,
 , , ,Chef & Sommelier Nectar Bone China Dinnerware by Arc Cardinal,
 , , ,10 Strawberry Street Dahlia White New Bone China Dinnerware,
 , , ,10 Strawberry Street Ever White New Bone China Dinnerware,
 , , ,10 Strawberry Street Valentina White New Bone China Dinnerware,
 , , ,10 Strawberry Street Izabel Lam Pond Bone China Dinnerware,
 , , ,Syracuse China Baroque Bone China Dinnerware,
 , , ,Syracuse China International Bone China Dinnerware,
 , , ,Villeroy & Boch Modern Grace White Bone Porcelain Dinnerware,
 , , ,Villeroy & Boch Blossom White Bone Porcelain Dinnerware,
 , , ,Villeroy & Boch Stella Hotel White Bone Porcelain Dinnerware,
 , , ,Bon Chef Wide Rim White Bone China Dinnerware,
 , , ,CAC Majesty European Bone China Dinnerware,
 , , ,Oneida Eclipse Bone China Dinnerware,
 , , ,Sant'Andrea Cato White Bone China Dinnerware by Oneida,
 , , ,Sant'Andrea Montague Bone China Dinnerware by Oneida,
 , , ,Sant'Andrea Othello White Bone China Dinnerware by Oneida,
 ,Beverageware,,,
 , ,Glassware,,
 , , ,Beer Glasses,
 , , ,Cocktail Glasses,
 , , ,Wine Glasses,
 , , ,Drinking Glasses,
 , , ,Novelty Glassware and Beverageware,
 , , , ,Chemistry Bar Glasses
 , , , ,Master's Reserve Glasses
 , , , ,Colored Glasses
 , , , ,Nachtmann Glasses
 , , , ,Mason Jar Glasses
 , , , ,Novelty Plastic Barware
 , , , ,Spiegelau Glasses
 , , , ,Drinking / Mason Jar Lids and Accessories
 , , , ,Stackable Glasses
 , , , ,Giant Glasses
 , , , ,Stirring Glasses
 , , , ,Vintage Glasses
 , , , ,Stolzle Glasses
 , , , ,Tempered Glassware
 , , , ,Acopa Glasses
 , , , ,Insulated Drinkware
 , , , ,Milk & Juice Bottles
 , , , ,Reusable Straws
 , , , ,Souvenir Cups
 , , , ,Tiki Barware
 , , , ,Wine Bottle Glasses
 , , ,Dessert & Cordial Glasses,
 , , ,Glass Beverage Service,
 , , ,Shop by Brand,
 , ,"Mugs, Cups, and Saucers ",,
 , , ,"China Cups, Mugs, and Saucers",
 , , ,Chinese Tea Cups,
 , , ,Espresso Cups,
 , , ,"Melamine Cups, Mugs, and Saucers",
 , , ,"Porcelain Cups, Mugs, and Saucers",
 , , ,"Glass Coffee Mugs, Cappuccino Cups, and Saucers",
 , , ,"Enamelware Cups, Mugs, and Saucers",
 , ,Reusable Plastic Beverageware,,
 , ,Healthcare Beverageware,,
 , , ,Healthcare Plastic Tumblers and Mugs,
 , , ,Healthcare Glasses,
 , , ,Healthcare Lids for Tumblers and Bowls,
 ,Flatware,,,
 ,Tabletop Display and Decor,,,
 , ,Restaurant Candles and Table Lamps,,
 , , ,Cartridge Candles,
 , , ,Pillar Candles,
 , , ,Flameless Candles,
 , , ,Flameless Candle Parts and Accessories,
 , , ,Taper Candles,
 , , ,Tea Lights and Votives,
 , , ,Wax Filled Glass Candles,
 , , ,Candle Holders,
 , , ,Liquid Wax Paraffin Fuel Cartridges,
 , , ,Birthday Candles,
 , ,Displayware,,
 , ,Decorations,,
 , ,Beverage Fountains and Dispensers,,
 , ,Shop by Brand,,
 ,Tabletop Beverage Service,,,
 , ,Pitchers,,
 , ,"Decanters, Carafes, and Bottles",,
 , ,Tasting Flights,,
 , ,Teapots,,
 ,Linens and Table Coverings,,,
 , ,Disposable Table Covers and Skirting,,
 , ,Reusable Table and Chair Covers,,
 , ,Table Cover Accessories,,
 ,Tabletop Accessories,,,
 , ,Charger Plates,,
 , ,Ashtrays,,
 , ,Under Table Purse Hooks,,
 , ,Napkin Dispensers,,
 , ,Napkin Rings,,
 , ,Plate and Napkin Holders,,
 , ,Toothpick Dispensers,,
 , ,Spoon Rests,,
 , ,Countertop Trash Cans,,
Disposables,,,,
 ,Plastic Disposables,,,
 , ,Plastic Cups and Lids,,
 , , ,Disposable Plastic Cups,
 , , ,Disposable Plastic Coffee Cups,
 , , ,Disposable Plastic Barware and Cups,
 , , ,Individually Wrapped Hotel Cups,
 , , ,Lemonade Cups,
 , , ,Plastic Kids Cups,
 , , ,Plastic Cup Lids,
 , , ,Disposable Medicine Cups,
 , , ,Disposable Plastic Bottles,
 , ,Plastic Plates,,
 , ,Plastic Utensils,,
 , ,Plastic Bowls,,
 , ,Straws & Stirrers,,
 , , ,Coffee Stirrers and Coffee Straws,
 , , ,Mixed Drink Stirrers,
 , , ,Straws,
 , , ,"Biodegradable, Compostable Straws",
 , ,Eco-Friendly Disposables,,
 , , ,Biodegradable and Compostable Dinnerware and Servingware,
 , , ,Biodegradable and Compostable Flatware and Utensils,
 , , ,Eco-Friendly Take-Out Containers and Food Wrap,
 , , ,Eco-Friendly Beverageware,
 , , ,Biodegradable and Compostable Janitorial Supplies,
 , ,Petite Plastic Dinnerware & Utensils,,
 , ,Plastic Dinnerware Accessories,,
 ,Paper Disposables,,,
 , ,Paper Dinnerware,,
 , ,Paper Napkins,,
 , ,Paper Cups and Lids,,
 , , ,Paper Hot Cups,
 , , ,Paper Hot Cup Lids,
 , , ,"Eco-Friendly, Biodegradable Paper Hot Cups and Lids",
 , , ,Paper Cold Cups,
 , , ,Paper Cold Cup Lids,
 , , ,Disposable Hottle Lids,
 , , ,Eco-Friendly Paper Cold Cups,
 , , ,Paper Cone Cups and Pleated Paper Drinking Cups,
 , , ,Coffee Cup Sleeves,
 , ,Souffle / Portion Cups & Lids,,
 , ,Paper Food Containers and Trays,,
 ,Take-Out Containers,,,
 , ,Deli Containers,,
 , ,Deli / Food Trays and Lids,,
 , , ,Disposable Serving and Catering Trays,
 , , ,Paper Food Trays,
 , , ,Foam Trays,
 , , ,Foam School Trays and Pulp School Trays,
 , , ,Molded Fiber / Pulp Food Trays,
 , , ,Nacho Trays,
 , , ,Absorbent Meat Pads for Foam Supermarket Trays,
 , , ,Paper Tray Mats,
 , ,Food Service Take-Out Containers and Accessories,,
 , , ,Foil Take-Out Containers & Lids,
 , , ,Paper Soup Cups and Bowls,
 , , ,Clear Hinged Take-Out Containers,
 , , ,Disposable Paper and Plastic Bakeware,
 , , ,Take-Out Cup Carriers,
 , , ,Chinese / Asian Take-Out Containers,
 , , ,Paper Take-Out Boxes,
 , , ,"Eco-Friendly, Biodegradable & Compostable Take-Out Containers",
 , , ,Foam Takeout Containers,
 , , ,Reusable To-Go Containers,
 , , ,Plastic Microwaveable Take-Out Containers,
 , , ,Food Buckets / Chicken Buckets,
 , , ,"Chicken Boxes, Take-Out Boxes, Barn Boxes and Lunch Boxes",
 , , ,Cold / Hot Deli Containers,
 , , ,Disposable Ice Cream and Frozen Yogurt Cups,
 , , ,"Eco-Friendly, Compostable Deli Take-Out Containers",
 , , ,Tamper-Evident Labels,
 , , ,Tamper Evident Containers,
 , ,Retail Take-Out Containers,,
 , , ,Bakery Packaging,
 , , ,Deli Counter Packaging,
 , , ,Produce Packaging,
 , , ,Meat Counter,
 , , ,Hot To-Go Packaging,
 , , ,Dessert Containers,
 , , ,Liquor / Alcohol Supplies,
 , ,Catering and To Go Bowls,,
 ,Disposable Food Packaging Supplies,,,
 , ,Disposable Food Boxes,,
 , , ,Cake Boxes and Bakery Boxes,
 , , ,Candy Boxes,
 , , ,Popcorn Boxes,
 , , ,Popcorn Buckets,
 , , ,Kids Food Boxes,
 , , ,Pizza Boxes and Accessories,
 , ,Food Packaging Wrap,,
 , , ,Aluminum Foil Food Wrap,
 , , ,Deli Wrap and Bakery Wrap,
 , , ,Paper Food Wrap,
 , , ,Cling Wrap and Plastic Food Wrap,
 , , ,Food Wrap Cutter and Dispenser Parts and Accessories,
 , , ,"Plastic Cling, Plastic Film, and Aluminum Foil Cutters & Holders",
 , , ,Twine,
 , ,Disposable Bags,,
 , , ,Plastic Bags,
 , , ,Paper Bags,
 , , ,Produce Bags,
 , , ,Grocery Bags,
 , , ,Food Grade Bags,
 , , ,To-Go Bags and Take-Out Bags,
 , , ,"Beer, Liquor, and Wine Bags",
 , , ,Cookie Bags,
 , , ,Bread Bags,
 , , ,Concession Food Bags,
 , , , ,Cotton Candy Bags
 , , , ,French Fry Bags
 , , , ,Pretzel Bags
 , , , ,Pickle and Peanut Bags
 , , , ,Foil Insulated Bags
 , , , ,Churro Bags
 , , , ,Popcorn Bags
 , , , ,Funnel Cake Bags
 , , , ,Hot Dog Wrappers and Hot Dog Bags
 , , , ,Submarine and Hoagie Bags
 ,Tabletop Disposables,,,
 , ,Disposable Plates,,
 , ,Disposable Cups,,
 , ,Disposable Bowls,,
 , ,Tabletop Accessories,,
 ,Foam Disposables,,,
 , ,Foam Dinnerware,,
 , ,Foam Cups and Lids,,
 , ,Foam Trays,,
 ,Disposable Host and Server Supplies,,,
 , ,Guest Checks,,
 , ,Disposable Bibs and Kids' Bibs,,
 , ,Restaurant Crayons,,
 , ,Coat Check Tickets and Coat Check Tags,,
 , ,Gift Certificates,,
 , ,Bank Deposit Bags,,
 , ,Placemats,,
 , ,Register Receipt Paper / Credit Card Paper Rolls and Ribbon,,
 , ,Umbrella Bags,,
 ,Food Safety Disposables,,,
 , ,Disposable Chef Hats & Hairnets,,
 , ,Disposable Food Thermometers,,
 , ,Disposable Glove Dispensers,,
 , ,Disposable Gloves,,
 ,Disposable Bakery Supplies,,,
 , ,Disposable Food Pans and Bakeware,,
 , ,Disposable Bakery Displays,,
 , ,Disposable Take-Out Containers,,
 , ,Disposable Paper and Plastic Bags,,
 , ,Disposable Baking Tools,,
 , ,Disposable Utensils and Cutlery,,
 ,Janitorial Disposables,,,
 , ,Disposable Cleaning Supplies,,
 , ,Restroom Supplies,,
 ,Catering Disposables,,,
 , ,Beverage Service Supplies,,
 , ,Tabletop Accessories,,
 , ,Servingware,,
 , ,Disposable Steam Table and Food Pans,,
 ,Disposable Party Supplies,,,
 , ,Disposable Themed Supplies,,
 , ,Party Supplies by Color,,
 , ,Party Serving and Display Supplies,,
 , ,Party Dinnerware,,
 , ,Party Beverageware,,
 ,Disposable Concession Supplies,,,
 , ,Concession Food Boxes,,
 , ,Ice Cream Supplies,,
 , , ,Taster Spoons,
 , , ,Cone Jackets,
 , , ,Foam Bowls,
 , ,Kids Meal Supplies ,,
 , ,Cups and Tasting Supplies,,
 , ,Cotton Candy and Candy Apple Supplies,,
 , ,Wristbands and Tickets,,
 ,Asian Restaurant Disposables,,,
 , ,Chinese / Asian Foil Insulated Bags,,
 , ,Glassine Bags,,
 , ,Disposable Chopsticks,,
 , ,Disposable Chinese / Asian Spoons,,
 , ,Chinese / Asian Placemats,,
 , ,Chinese / Asian Themed Guest Checks,,
 , ,Steamer Papers,,
Furniture,,,,
 ,Restaurant Seating,,,
 , ,Restaurant Chairs,,
 , ,Restaurant Bar Stools,,
 , ,Booths and Benches,,
 , ,Banquet and Stackable Chairs,,
 , ,High Chairs,,
 , ,Booster Seats,,
 , ,Chair and Barstool Parts,,
 ,Restaurant Tables,,,
 , ,Table Tops,,
 , ,Restaurant Table Bases,,
 , ,Tables and Dining Sets,,
 , ,Folding Tables and Chairs,,
 , ,Kids Tables and Chairs,,
 , ,Buffet Tables,,
 , ,"Table Carts, Trucks, and Dollies",,
 , ,Table Parts and Accessories,,
 ,Commercial Outdoor Furniture,,,
 , ,Restaurant Patio Furniture,,
 , , ,Outdoor Aluminum Furniture,
 , , ,Outdoor Restaurant Tables and Sets,
 , , ,Outdoor Table Bases,
 , , ,Outdoor Table Tops,
 , ,Outdoor Seating,,
 , , ,Chaise Lounges and Sling Chairs,
 , , ,Outdoor Lounge Chairs and Accessories,
 , , ,Outdoor Restaurant Bar Stools,
 , , ,Outdoor Restaurant Chairs,
 , ,Commercial Patio Heaters,,
 , ,Commercial Pool Furniture,,
 , , ,Low Tables,
 , , ,Outdoor Storage,
 , , ,Outdoor Table Umbrellas and Bases,
 , ,Outdoor Picnic Tables and Park Furniture,,
 ,School Furniture,,,
 , ,Cafeteria Tables,,
 , ,Classroom Furniture,,
 , ,Science Lab Tables and Chairs,,
 , ,Performance Furniture and Equipment,,
 , ,Office Furniture,,
 ,Office Furniture,,,
 , ,Office Seating,,
 , , ,Office Chairs,
 , , ,Office Stools,
 , , ,Office Chair Parts and Accessories,
 , , ,Standing Desk & Office Chair Mats,
 , ,Office Tables,,
 , , ,Folding Tables,
 , , ,Seminar Tables,
 , , ,Drafting Tables,
 , , ,Conference Tables,
 , ,Lobby Furniture,,
 , , ,"Lobby, Reception, and Lounge Seating",
 , , ,Footrests and Ottomans,
 , , ,"Lobby, Reception, and Lounge Tables",
 , , ,Office Decor,
 , ,Office Storage and Safes,,
 , , ,Filing Cabinets,
 , , ,Safes,
 , , ,Office Shelving,
 , , ,Office Cabinets,
 , , ,Bookcases,
 , , ,Literature / Magazine Racks,
 , ,"Office Desks, Carts, and Stands",,
 , , ,Desks and Desk Bases,
 , , ,Desk Hutches,
 , , ,Laptop Desks and Computer Carts,
 , , ,Office Stands,
 , , ,Podiums and Lecterns,
 , , ,Floor Protectors,
 , , ,Office Partitions,
 ,Sports Themed Furniture and Decor,,,
 ,Early Learning Furniture and Supplies,,,
 , ,Active Play,,
 , ,Classroom Storage,,
 , ,Classroom Lockers,,
 , ,Early Childhood Education Art Supplies,,
 , ,Baby Furniture,,
 , ,Baby Changing Tables and Diaper Changing Stations,,
Washing & Laundry,,,,
 ,Warewashing Sinks and Accessories,,,
 , ,1 Compartment Sinks,,
 , ,2 Compartment Sinks,,
 , ,3 Compartment Sinks,,
 , ,4 Compartment Sinks,,
 , ,Sanitizing Sink Heaters,,
 , ,Commercial Sink Parts and Accessories,,
 , ,Mobile Soaking Sinks,,
 ,Warewashing Chemicals,,,
 , ,Bar Glass and Glass Washing & Sanitizing Chemicals,,
 , ,Machine Dish Washing & Sanitizing Chemicals,,
 , ,Manual Dish Washing & Sanitizing Chemicals,,
 , ,Water Softener Solar Salt,,
 , ,Chemical Pumps,,
 ,Laundry Supplies,,,
 , ,Commercial Laundry Detergent and Supplies,,
 , ,Laundry Soap Vending Machines and Laundry Products,,
 , ,Bottles and Sprayers,,
 , ,Laundry Machine Parts and Accessories,,
 , ,Lint Rollers,,
 ,Warewashing Machine Accessories,,,
 , ,Booster Heaters,,
 , ,Dishtable Undershelves and Accessories,,
 , ,Garbage Disposals,,
 , ,Grease Traps,,
 , ,Surge Washing Units,,
 , ,Warewashing Water Softener and Filtration Systems,,
 , ,Waste Pulpers / Extractors,,
 ,Warewashing Faucets,,,
 , ,Deck-Mount Faucets,,
 , ,Pre-Rinse Faucets,,
 , ,Wall Mount Faucets,,
 ,Warewashing Storage and Transport,,,
 , ,Bus Tubs and Bus Boxes,,
 , ,Dish Cabinets,,
 , ,Drying Racks,,
 , ,Ware Washing Cup Stackers,,
 , ,Utensil Holders and Flatware Organizers,,
 ,Dish Room Accessories,,,
 , ,Bottle and Beverage Equipment Cleaning Brushes,,
 , ,Trash Cans,,
 , ,Dishwashing and Janitorial Gloves,,
 , ,Flatware Retriever Lids,,
 , ,Flatware Soakers,,
 , ,Floor Mat Transport and Wash Carts,,
 , ,Hose Reels,,
 , ,Pot and Pan Brushes,,
 , ,Test Strips and Meters,,
 , ,Wet Area Floor Mats,,
 ,Utility Sinks and Plumbing,,,
Restaurant Dinnerware,,,,
Food & Beverage,,,,
 ,Beverages,,,
 , ,Bar Beverages and Ingredients,,
 , , ,All Cocktail Mixes,
 , , ,Bar Syrups,
 , , ,Fruit Purees & Mixes,
 , , ,Bar Drink Garnishes,
 , , ,Cocktail Bitters and Concentrated Flavors,
 , , ,Alcohol Infusers,
 , ,Coffee and Espresso,,
 , ,Flavoring Syrups & Sauces,,
 , ,Iced and Frozen Beverages,,
 , , ,Blended Ice Beverage and Coffee Mix,
 , , ,Smoothie Mixes,
 , , ,"Slushy, Snow Cone, & Italian Ice Syrups",
 , , ,Milkshake Bases & Syrups,
 , ,Bulk Hot & Iced Tea,,
 , ,Soda & Energy Drinks,,
 , ,Bubble Tea,,
 , ,Juice & Lemonade,,
 ,Condiments and Sauces,,,
 , ,"Marinades, Glazes, and Flavorings",,
 , ,Salad Dressing,,
 , ,Condiments,,
 , ,Sauces,,
 , ,Sweeteners & Spreads,,
 ,Cooking Oil and Sprays,,,
 , ,Fryer Oil and Cooking Oil,,
 , ,Spray Releases & Seasonings,,
 , ,Popcorn Oils,,
 ,Herbs and Spices,,,
 , ,All Herbs and Spices,,
 , ,Spice Blends,,
 , ,Salt and Pepper,,
 , ,Soup Bases and Mixes,,
 , ,Flaked Spices,,
 , ,Ground Spices,,
 , ,Seed Spices,,
 , ,Whole Spices,,
 ,Bulk Ingredients,,,
 , ,Dry Baking Ingredients,,
 , , ,Baking Chocolates and Add-ins,
 , , ,Sugar and Flour,
 , , ,Baking Agents,
 , , ,Gluten Free Baking Ingredients,
 , ,Liquid Baking Ingredients,,
 , , ,Prepared Ingredients,
 , , ,Dairy Ingredients,
 , , ,Baking Liquids,
 , ,Cake Decorating Ingredients,,
 , ,Breading and Mixes,,
 , , ,Bread Crumbs and Seasoned Breading Mixes,
 , , ,Crepe Mix,
 , , ,Pancake and Waffle Mix and Syrup,
 , , ,Pretzel Mix,
 , , ,Ready to Use Cake Mixes and Cookie Mixes,
 , ,"Bases, Gravies, and Broths",,
 , , ,Canned Soup and Stew,
 , , ,Canned Gravy,
 , , ,Gravy Mixes,
 , ,Grains and Beans,,
 , , ,Rice,
 , , ,Couscous and Pasta,
 , , ,Bulk Beans,
 , , ,Bulk Grains,
 , ,Snacks and Cookies,,
 , , ,Crackers and Cookies,
 , , ,"Mints, Candies and Gum",
 , , ,Chips and Pretzels,
 , , ,Jerky and Meat Snacks,
 , , ,Individually Wrapped Snacks,
 , , ,Cereal,
 ,Fruits and Vegetables,,,
 , ,Fruit,,
 , , ,Canned Fruit,
 , , ,Frozen Fruit,
 , , ,Pie Filling and Cobbler Filling,
 , , ,Cocktail Cherries,
 , ,Vegetables,,
 , , ,Canned Vegetables,
 , , ,Frozen Vegetables,
 , , ,Pickled and Marinated Vegetables,
 , ,Tomatoes,,
 , ,Yams and Potatoes,,
 , ,"Peppers, Onions, and Garlic",,
 ,Meat and Seafood,,,
 , ,Beef,,
 , ,Chicken,,
 , ,Pork,,
 , ,Turkey,,
 , ,Seafood,,
 , , ,Clams and Oysters,
 , , ,Crab,
 , , ,Fish,
 , , ,Lobster and Crawfish,
 , , ,Mussels,
 , , ,Scallops,
 , , ,Shrimp,
 , , ,Specialty Seafood,
 , ,Specialty Meat,,
 ,Specialty Foods,,,
 , ,Asian Foods,,
 , ,Organic Foods,,
 , ,Gluten Free Foods,,
 , ,Made in Lancaster County,,
 , ,Specialty Cheese,,
Janitorial Supplies,,,,
 ,Cleaning Chemicals,,,
 , ,Ready-to-Use Chemicals,,
 , , ,Ready-to-Use Chemical Portion Packs & Tabs,
 , , ,Ready-to-Use Liquid Chemicals,
 ,Trash Cans and Recycling Bins,,,
 , ,Space Saving Trash Cans,,
 , ,Recycling Bins,,
 , ,Trash Can Liners / Garbage Bags,,
 , ,Wastebaskets,,
 , ,Decorative Trash Cans,,
 , ,Trash Can Parts and Accessories,,
 ,Cleaning Carts and Tools,,,
 , ,"Bottles, Sprayers, Hoses, and Buckets",,
 , ,Dusters,,
 , ,Janitorial Brushes,,
 , ,Microfiber Cloths & Mitts,,
 , ,Scrubbers and Sponges,,
 , ,Pre-Moistened Sanitizing / Disinfectant Surface Wipes,,
 , ,Window Cleaning Supplies,,
 , ,Bar Towels,,
 , ,Foodservice Towels and Wipers,,
 , ,Gloves,,
 ,Floor Care Supplies,,,
 , ,Brooms and Dustpans,,
 , ,Floor Finishers / Applicators,,
 , ,Floor Sweepers,,
 , ,Mops and Mopping Accessories,,
 , ,Spill & Vomit Absorbents,,
 , ,"Floor Squeegees, Scrapers, & Brushes",,
 , ,Wet Floor Signs,,
 , ,Deck Brushes,,
 ,Restroom Supplies,,,
 , ,Commercial Paper Towel Dispensers,,
 , ,Commercial Toilet Paper Dispensers and Holders,,
 , ,Deodorizers / Air Fresheners & Dispensers,,
 , ,Electric Hand Dryers,,
 , ,Feminine Hygiene Product Dispensers and Sanitary Napkin Receptacles,,
 , ,Grab Bars,,
 , ,Hand Soap and Sanitizer,,
 , ,Plungers & Restroom Cleaning Brushes,,
 , ,Shampoo and Body Wash Dispenser Systems,,
 , ,Urinal Cakes and Urinal Screens,,
 , ,Urinal Mats and Toilet Mats,,
 , ,Water Heaters,,
 , ,Baby Changing Station / Table Parts and Accessories,,
 , ,Electric Hand Dryer Parts and Accessories,,
 , ,Medical / Institutional Fixtures and Accessories,,
 , ,Handicap Bathroom Accessories,,
 ,Janitorial Equipment,,,
 , ,Air Blowers / Carpet Dryers,,
 , ,Wet / Dry Vacs,,
 , ,"Floor Scrubbers, Auto Scrubbers and Accessories",,
 , ,Wet / Dry Vac Bags and Accessories,,
 , ,Rotary Floor Machines and Pads,,
 , ,Vacuum Cleaners,,
 , ,Carpet Shampooers / Extraction Machines,,
 , ,Commercial Air Purifiers and Dehumidifiers,,
 , ,Commercial Generator Parts,,
 , ,Commercial Generators,,
 , ,Commercial Pressure Washers,,
 , ,Pressure Washer Parts and Accessories,,
 , ,Vacuum Cleaner Parts and Accessories,,
 ,Portable Restroom Supplies,,,
 , ,Portable Hand Washing Stations and Supplies,,
 , ,Portable Toilets and Urinals,,
Catering Supplies,,,,
 ,Buffet Line Supplies,,,
 ,Kitchen Prep And Transport Supplies,,,
 ,Cooking and Holding Supplies and Equipment,,,
 ,Catering Beverage Service Supplies,,,
 ,Tabletop Supplies,,,
 ,Catering Consumables,,,
 ,Catering Furniture and Equipment,,,
Concession Supplies,,,,
 ,Cotton Candy Supplies,,,
 , ,Cotton Candy Machines,,
 , ,Cotton Candy Sugar / Floss Sugar,,
 , ,Cotton Candy Displays and Merchandisers,,
 , ,Cotton Candy Cones,,
 ,Lemonade Supplies,,,
 , ,Fake Food Props,,
 ,Popcorn Supplies,,,
 , ,Popcorn Poppers,,
 , ,Popcorn Glaze,,
 , ,Popcorn Kernels,,
 , ,Popcorn Kits,,
 , ,Popcorn Salts,,
 , ,Disposable Popcorn Supplies,,
 , ,Popcorn Scoops,,
 , ,Popcorn Carts and Display Stands,,
 , ,Popcorn Kettle Cleaners,,
 ,Funnel Cake Supplies,,,
 , ,"Funnel Cake, Donut, and Specialty Fryers",,
 , ,Funnel Cake Mixes,,
 , ,Funnel Cake Frying Oils,,
 , ,Funnel Cake Toppings,,
 ,Snow Cone Supplies,,,
 , ,Snow Cone Cups,,
 , ,Snow Cone Machines and Commercial Ice Shavers,,
 , ,Syrup Pumps,,
 ,Beverage Service Supplies,,,
 ,Frozen Product Supplies,,,
 ,Nacho Supplies,,,
 ,Burger Supplies,,,
 ,Hot Dog Supplies,,,
 ,Meats and Side Supplies,,,
 ,Novelty Treat Supplies,,,
 ,On-the-Go Supplies,,,
 ,Condiment Supplies,,,
 ,Food Warming Equipment,,,
 ,Sanitation Supplies,,,
 ,Merchandising Supplies,,,
Bar Supplies,,,,
 ,Bar Equipment ,,,
 , ,Bar Blenders,,
 , ,Glass Washer Machines,,
 , ,Commercial Juicers,,
 , ,Glass Washing / Polishing Machines,,
 ,Cocktail Supplies,,,
 , ,Cocktail Shakers,,
 , ,Jiggers,,
 , ,Bar Utensils,,
 , ,Bitters Bottles,,
 , ,Glass Rimmers,,
 ,Beverage Service Supplies,,,
 ,Ice Supplies,,,
 ,Food Service Supplies,,,
 ,Bar Furniture,,,
 ,Bar Food & Appetizers,,,
 ,Warewashing Supplies,,,
 ,Bar Games and Games of Chance,,,
Coffee Shop Supplies,,,,
 ,Hot Beverage Equipment,,,
 , ,Commercial Coffee Grinders,,
 , ,Coffee Warmers,,
 , ,Hot Tea Urns,,
 , ,Hot Water Dispensers,,
 , ,Milk Frothers and Steamers,,
 ,Hot Beverages and Beverage Mixes,,,
 ,Cold Beverages and Beverage Mixes,,,
 ,Cold Beverage Equipment,,,
 ,To-Go Supplies,,,
 ,Countertop Organization,,,
 ,Coffee Condiments & Add-Ins,,,
 ,Coffee and Tea Serving Supplies,,,
 ,Beverage Dispensers,,,
 ,Coffee Shop Snacks,,,
 ,Beverage Equipment Parts and Accessories,,,
 ,Coffee House Essentials,,,
Bakery Supplies,,,,
 ,Bakery Packaging,,,
 , ,"Cake Circles, Cake Pads, and Cake Boards",,
 , ,Cake Take-Out Containers,,
 , ,Pie Take-Out Containers,,
 ,Bakery Display and Storage,,,
 , ,"Cake, Pie, and Cupcake Stands",,
 , ,Disposable Cake Stands and Cupcake Stands,,
 , ,Bakery Displays,,
 , ,Storage Containers,,
 , ,Display Racks and Baskets,,
 , ,Display Trays,,
 ,Bakery Equipment,,,
 , ,Bakery Ovens,,
 , ,Bun and Sheet Pan Equipment,,
 , ,Dough Preperation Equipment,,
 , ,Bread Slicer and Grater Equipment,,
 , ,Commercial Mixers and Accessories,,
 , ,Holding and Proofing Cabinets,,
 , ,Bakery Work Tables,,
 ,Wholesale Baking Ingredients,,,
 , ,Baking Toppings and Add Ins,,
 , ,Baking Chips,,
 , ,Bulk Chocolate,,
 , ,Corn Syrup,,
 , ,Molasses,,
 , ,Chocolate Spreads,,
 , ,Extracts and Imitation Flavoring,,
 , ,Honey,,
 , ,Chocolate Candy Melts,,
 , ,Condensed Milk,,
 , ,Pudding,,
 ,Baking Tools and Utensils,,,
 , ,Bowl and Bench Scrapers,,
 , ,Cake and Donut Fillers,,
 , ,"Cheese Shakers, Sugar/Spice Shakers, and Dredges",,
 , ,Flour and Sugar Sifters,,
 , ,Basting & Pastry Brushes,,
 , ,Rolling Pins and Accessories,,
 , ,Pie / Cake Cutters and Markers,,
 , ,Bagel Boards and Bagel Scoops,,
 , ,Bagel Slicers,,
 , ,Baking / Pastry Molds,,
 , ,Candy Molds,,
 , ,Cookie / Pastry Cutters,,
 , ,Dough Cutters,,
 , ,Fondant Smoothers and Tools,,
 , ,Mixing Bowls,,
 , ,Pastry Cloths and Flour Sacks,,
 , ,Pie Making Accessories,,
 , ,Proofing Baskets,,
 , ,Reusable Baking Mats and Pan Liners,,
 , ,Silicone Baking Molds,,
 ,Disposable Bakeshop Supplies,,,
 , ,Baking Cups and Cupcake Liners,,
 , ,Bun Pan Covers,,
 , ,"Cake Pop, Lollipop, and Candy Apple Sticks",,
 , ,Disposable Loaf Pans,,
 , ,Disposable Pizza Pans,,
 , ,Parchment Paper and Pan Liners,,
 ,Measuring and Mixing Supplies,,,
Pizza Supplies,,,,
 ,Pizza Equipment,,,
 , ,"Dough Sheeters, Rounders & Dividers",,
 , ,Dough Presses and Dough Dockers,,
 , ,Dough Preparation Equipment Parts and Accessories,,
 , ,Electric Graters and Shredders,,
 , ,Pizza Holding Cabinets,,
 ,To-Go Supplies,,,
 ,Pizza Tools,,,
 ,Toppings and Ingredients,,,
 ,Refrigeration Equipment,,,
 ,Serving Supplies,,,
 ,Pizza Pans and Screens,,,
 ,Dough Boxes and Ingredient Storage,,,
 ,Manual Food Preparation Equipment,,,
 ,Merchandising and Display Signs,,,
 ,Pizza Parlor Furniture,,,
 ,Textiles,,,
Grocery / Deli Supplies,,,,
 ,Transport Supplies,,,
 ,Display Supplies,,,
 ,Take-Out Packaging and Supplies,,,
 ,Wholesale Grocery Food,,,
 ,Safety and Sanitation,,,
 ,Storage Supplies,,,
 ,Cooking and Heating Supplies,,,
 ,Refrigeration Equipment,,,
Sandwich Shop,,,,
 ,Sandwich Shop Disposables,,,
 ,Cooking and Holding Equipment,,,
 ,Tabletop Serving Supplies,,,
 ,Food and Beverage Consumables,,,
 ,Condiment and Topping Supplies,,,
 ,Food Prep Equipment,,,
 ,Food Prep Hand Tools,,,
 ,Refrigeration and Storage Supplies,,,
 ,Textiles,,,
 ,Advertising Supplies,,,
 ,Safety and Sanitation Supplies,,,
 ,Equipment Parts and Accessories,,,
Asian Restaurant,,,,
 ,Sushi Supplies ,,,
 , ,"Commercial Rice Cookers, Rice Warmers, and Sushi Rice Containers",,
 , ,Sushi Servingware,,
 , ,CAC Sushi Signature Pattern Bone White Porcelain Dinnerware,,
 , ,Sushi Containers,,
 ,Cooking Supplies,,,
 ,Take-Out Supplies,,,
 ,Table Service Supplies,,,
 ,Asian Inspired Dinnerware & Table Service,,,
Buffet Supplies,,,,
 ,Serving Line Supplies,,,
 ,Serving Line Equipment,,,
 ,Steam Tables and Cold Food Tables / Wells,,,
 ,Beverage Service Supplies,,,
 ,Breakfast Supplies,,,
Cupcake Supplies,,,,
 ,Take-Out Supplies,,,
 ,Disposables,,,
 ,Decorating Supplies,,,
 ,Display Supplies,,,
 ,Mixing & Measuring Supplies,,,
 ,Merchandising Equipment,,,
 ,Baking / Preparation Equipment,,,
 ,Pans & Molds,,,
 ,Small Preparation Tools & Supplies,,,
 ,Wet Ingredients,,,
 ,Dry Ingredients,,,
 ,Ingredient Storage,,,
School Supplies,,,,
 ,Classroom and School Presentation Aids,,,
 ,Classroom Supplies,,,
 ,Early Childhood Education Supplies,,,
 ,Early Learning Furniture and Supplies,,,
 ,School Furniture,,,
 ,Stages and Risers,,,
 ,Emergency and School Nurse Supplies,,,
 ,Locker Room and Gymnasium Supplies,,,
 ,Cafeteria Service Supplies,,,
 ,Cafeteria Equipment,,,
 ,Warming and Holding Equipment,,,
 ,"Sinks, Shelving, and Work Tables",,,
 ,Cafeteria Food,,,
 ,Janitorial Supplies,,,
